"columns","Missing_percentage"
"passenger_count",0.717580727831881
"fare_amount",0.153767298821117
"pickup_longitude",0.0768836494105587
"pickup_latitude",0.0768836494105587
"dropoff_longitude",0.0704766786263455
"dropoff_latitude",0.057662737057919
